Topic,Count
未能提取主題,15
自我介紹,6
簡潔,5
烹飪,5
食材,5
分享,5
等待,4
禮貌,4
疑問,4
無法確定,4
活動,3
加油,3
鼓勵,3
問候,3
肯定,3
同意,3
料理,3
擺盤,3
決策,3
[活動],2
記憶,2
暫停,2
記憶力,2
耐心,2
安排,2
計劃,2
對話,2
開始,2
順序,2
名字,2
[菜餚],2
美食,2
寄語,2
組員,2
支持,2
懷舊,2
期望,2
個人喜好,2
感謝,2
確認,2
分組,2
食譜,2
討論,2
體驗,2
調味料,2
步驟,2
團體,2
飲食習慣,2
[命名],1
[團隊樂趣],1
義理,1
語言哲學,1
即將舉行,1
老年癡呆,1
預防措施,1
請求,1
體驗優化,1
產品設計,1
用戶反饋,1
活動名稱,1
活動流程,1
活動計劃,1
簡單,1
老年人,1
訪問,1
循環,1
發言,1
待客,1
尊重長者,1
打招呼,1
[個人喜好],1
[台灣小吃],1
[問題原因],1
[背景資訊],1
[無法判斷],1
評價,1
觀點。,1
勉勵,1
良好,1
主持人、參與者、發言,1
食物偏好,1
地瓜料理,1
特色菜式,1
家鄉菜餚,1
美食回憶,1
奶奶做的味道,1
讚美,1
正面,1
家鄉菜肴,1
奶奶烹飪,1
無內容,1
不完整,1
缺乏上下文,1
努力,1
團隊合作,1
順利,1
與會者,1
主持人,1
姓名,1
張嘉瑜,1
香菇,1
雞湯,1
茶、媽媽、美味,1
家鄉美食,1
親情,1
家庭,1
氣味,1
話語,1
健康,1
感激,1
換人,1
接力,1
下一位,1
喜歡,1
未完成,1
母愛,1
家鄉菜,1
營養湯品,1
蘿蔔,1
玉米,1
湯,1
團隊、寄語、溝通。,1
[自我介紹],1
[姓名],1
[何潔],1
口語化。,1
[請求],1
[問題],1
[簡單],1
[詢問],1
[事物],1
[不確定],1
接受,1
白胡椒,1
餐飲用品,1
客戶咨詢,1
查詢,1
最後,1
日常,1
默認,1
詢問,1
許可,1
模糊,1
辨識能力,1
稱讚,1
集體,1
餐廳運營,1
食材管理,1
布置佈局,1
未來,1
接續,1
人數,1
準備,1
烹飪指南,1
烹飪知識,1
材料,1
列表,1
排序,1
領取,1
物品,1
[記憶],1
[時間],1
希望,1
暗示,1
分配,1
公平性,1
資源,1
食材、數量、一致,1
小組成員、人數不足、補充人手,1
時間，耐心，寬容。,1
理解,1
幫助,1
肯定、勤奮、工作,1
負擔,1
措施,1
表演,1
嘉賓,1
輪流,1
自省,1
存有,1
評估,1
物品錯誤,1
數量不符,1
商家誤發,1
無關緊要,1
接納,1
釋懷,1
結束後,1
行程,1
小組,1
原因,1
目的,1
擺放,1
用餐體驗,1
髮型,1
反放,1
整齊,1
上下文不足,1
信息缺乏,1
"會議,準備,團隊",1
必須,1
布置,1
參考,1
他人,1
學習,1
成長,1
自我提升,1
計畫,1
意見,1
餐桌擺設,1
環境布置,1
家庭用品,1
調味、擺放、料理,1
延遲,1
行動,1
烹調,1
蔥蒜,1
辣椒,1
蔥,1
[行動],1
[未來],1
[規劃],1
再次、進去、處理,1
煮食,1
檸檬,1
[烹飪],1
[完成],1
菜餚評價,1
餐廳服務,1
顧客反饋,1
[料理],1
[順序],1
[講解],1
餐飲,1
感謝、肯定、滿意度,1
邀請,1
烹飪技巧,1
個人偏好,1
[蝦子],1
[海鮮],1
[喜好],1
擺放、喜好、紅蘿蔔,1
藏匿,1
植物,1
挑食,1
包容,1
結束,1
總結,1
反饋,1
分組合作,1
課堂參與,1
知識分享,1
餐盤擺盤,1
決策理由,1
美學考量,1
缺乏信息,1
無主題,1
沒有對話,1
上訴,1
判決,1
理由,1
混雜、感受、矛盾,1
暫存,1
動作,1
日常生活,1
蔬菜,1
用途,1
程序,1
食物,1
調味,1
要求,1
缺失,1
缺乏內容,1
無法提取,1
烹調順序,1
豬肉,1
蔥花,1
[放置],1
[裝飾品],1
[點綴],1
比較,1
相似性,1
暖身活動,1
課程準備,1
互動交流,1
結束、階段、告一段落,1
